,Resource Name,County,National Register Date,National Register Number,Longitude,Latitude,Location
1,Fort Tryon Park And The Cloisters,New York,12/19/1978,90NR00947,-73.9321,40.8623481364,"(40.86234813640, -73.93210000000)"
20,Hamilton Heights Historic District,New York,09/30/1983,90NR00859,-73.9473,40.8231056447,"(40.82310564470, -73.94730000000)"
21,IRT Broadway Line Viaduct,New York,09/15/1983,90NR00846,-73.9582,40.8158656536,"(40.81586565360, -73.95820000000)"
163,South Street Seaport Historic District,New York,12/12/1978,90NR00940,-74.0022,40.7068912495,"(40.70689124950, -74.00220000000)"
164,St. Mark's Historic District,New York,11/13/1974,90NR00910,-73.9884,40.730430518,"(40.73043051800, -73.98840000000)"
201,Manhattan Ave. W. 120th-123rd Streets Historic District,New York,01/17/1992,91NR00292,-73.9547,40.8089086929,"(40.80890869290, -73.95470000000)"
296,Mount Morris Park Historic District (Boundary Increase),New York,05/24/1996,94NR00708,-73.9478,40.8053156304,"(40.80531563040, -73.94780000000)"
309,"East 66th St., 131-135, East 67th St., 130-134, Apt. Bldgs. at",New York,08/11/1982,91NR00227,-73.9644,40.7667716638,"(40.76677166380, -73.96440000000)"
310,Holland Tunnel,New York,11/04/1993,93NR00477,-74.0208,40.7274972177,"(40.72749721770, -74.02080000000)"
311,Astor Row Houses,New York,08/11/1982,92NR00429,-73.9417,40.8100788633,"(40.81007886330, -73.94170000000)"
726,Central Park,New York,10/15/1966,90NR00866,-73.9655,40.7825890692,"(40.78258906920, -73.96550000000)"
727,Jumel Terrace Historic District,New York,04/03/1973,90NR00649,-73.9388,40.8347045632,"(40.83470456320, -73.93880000000)"
729,Dunbar Apartments,New York,03/29/1979,90NR00648,-73.9384,40.8251007843,"(40.82510078430, -73.93840000000)"
730,Chapel of the Intercession Complex and Trinity Cemetery,New York,07/24/1980,90NR00793,-73.9465,40.8321844791,"(40.83218447910, -73.94650000000)"
731,Church of St. Ignatius Loyola Complex,New York,07/24/1980,90NR00794,-73.9591,40.778840575,"(40.77884057500, -73.95910000000)"
732,Central Park West Historic District,New York,11/09/1982,90NR00905,-73.9733,40.7814189842,"(40.78141898420, -73.97330000000)"
735,Riverside Park and Drive,New York,09/02/1983,90NR00819,-73.9741,40.8002906902,"(40.80029069020, -73.97410000000)"
736,Upper East Side Historic District,New York,09/07/1984,90NR00830,-73.9659,40.7701078736,"(40.77010787360, -73.96590000000)"
738,Rockefeller Center,New York,12/23/1987,90NR00954,-73.979,40.7589138158,"(40.75891381580, -73.97900000000)"
744,SoHo Historic District,New York,06/29/1978,90NR00770,-74.0005,40.7230256995,"(40.72302569950, -74.00050000000)"
745,Greenwich Village Historic District,New York,06/19/1979,90NR00758,-74.0016,40.7346797193,"(40.73467971930, -74.00160000000)"
754,Governor's Island,New York,02/04/1985,90NR00618,-74.0164,40.6905542528,"(40.69055425280, -74.01640000000)"
756,"Statue of Liberty National Monument, Ellis Island & Liberty Island",New York,10/15/1966,90NR00879,-74.0431,40.6949064901,"(40.69490649010, -74.04310000000)"
757,Charlton-King-Vandam Historic District,New York,07/20/1973,90NR00784,-74.0041,40.727455549,"(40.72745554900, -74.00410000000)"
758,Chelsea Historic District (Boundary Increase),New York,12/16/1982,90NR00942,-74.0029,40.7456600492,"(40.74566004920, -74.00290000000)"
831,Union Square,New York,12/09/1997,98NR01315,-73.9903,40.7359482987,"(40.73594829870, -73.99030000000)"
866,Stonewall,New York,05/27/1999,99NR01503,-74.0005,40.7339446485,"(40.73394464850, -74.00050000000)"
878,Theodore Roosevelt Birthplace National Historic Site,New York,10/15/1966,90NR00881,-73.989,40.7386429068,"(40.73864290680, -73.98900000000)"
879,General Grant National Memorial,New York,10/15/1966,90NR00870,-73.9631,40.8134629929,"(40.81346299290, -73.96310000000)"
880,Federal Hall National Memorial,New York,10/15/1966,90NR00869,-74.0103,40.7073270459,"(40.70732704590, -74.01030000000)"
881,Hamilton Grange National Memorial,New York,10/15/1966,90NR00871,-73.9478,40.8223588172,"(40.82235881720, -73.94780000000)"
885,"Arthur, Chester A., House",New York,10/15/1966,90NR00863,-73.9821,40.7427531326,"(40.74275313260, -73.98210000000)"
886,Carnegie Hall,New York,10/15/1966,90NR00864,-73.9799,40.7650051197,"(40.76500511970, -73.97990000000)"
887,"Carnegie, Andrew, Mansion",New York,11/13/1966,90NR00908,-73.9578,40.7843308135,"(40.78433081350, -73.95780000000)"
888,Castle Clinton National Monument,New York,10/15/1966,90NR00865,-74.0168,40.7034626584,"(40.70346265840, -74.01680000000)"
889,Cooper Union,New York,10/15/1966,90NR00868,-73.9905,40.7293767286,"(40.72937672860, -73.99050000000)"
890,"Morgan, Pierpont, Library",New York,11/13/1966,90NR00909,-73.9811,40.7489498484,"(40.74894984840, -73.98110000000)"
891,Morris-Jumel Mansion,New York,10/15/1966,90NR00872,-73.9386,40.8344597825,"(40.83445978250, -73.93860000000)"
892,New York Public Library,New York,10/15/1966,90NR00873,-73.9822,40.7532003721,"(40.75320037210, -73.98220000000)"
893,Old Merchant's House (Seabury-Tredwell House),New York,10/15/1966,90NR00875,-73.9923,40.727667645,"(40.72766764500, -73.99230000000)"
894,"Players, The",New York,10/15/1966,90NR00876,-73.9867,40.7375790817,"(40.73757908170, -73.98670000000)"
895,"Pupin Physics Laboratories, Columbia University",New York,10/15/1966,90NR00877,-73.9614,40.8100028217,"(40.81000282170, -73.96140000000)"
896,St. Paul's Chapel,New York,10/15/1966,90NR00878,-74.0096,40.7114781973,"(40.71147819730, -74.00960000000)"
905,Central Synagogue,New York,10/09/1970,90NR00862,-73.9706,40.7595915232,"(40.75959152320, -73.97060000000)"
906,New York Shakespeare Festival Public Theater (Astor Library),New York,12/02/1970,90NR00922,-73.9917,40.7289839081,"(40.72898390810, -73.99170000000)"
925,Schermerhorn Row Block,New York,02/18/1971,90NR00623,-74.0062,40.7048036136,"(40.70480361360, -74.00620000000)"
950,Admiral's House,New York,07/24/1972,90NR00791,-74.0131,40.6903375965,"(40.69033759650, -74.01310000000)"
951,Bialystoker Synagogue,New York,04/26/1972,90NR00685,-73.9833,40.7155636684,"(40.71556366840, -73.98330000000)"
952,Blackwell House,New York,02/25/1972,90NR00625,-73.951,40.760621126,"(40.76062112600, -73.95100000000)"
953,"Block House, The",New York,07/24/1972,90NR00792,-74.0139,40.688944266,"(40.68894426600, -74.01390000000)"
954,Castle Williams,New York,07/31/1972,90NR00800,-74.0193,40.6928323719,"(40.69283237190, -74.01930000000)"
955,Chapel Of The Good Shepherd,New York,03/16/1972,90NR00627,-73.9501,40.7619646355,"(40.76196463550, -73.95010000000)"
956,"Charles Street, House at 131",New York,11/03/1972,90NR00902,-74.0077,40.7343950452,"(40.73439504520, -74.00770000000)"
957,Church of the Holy Apostles,New York,04/26/1972,90NR00686,-73.9988,40.7492522786,"(40.74925227860, -73.99880000000)"
958,City Hospital,New York,03/16/1972,90NR00628,-73.9583,40.7531205749,"(40.75312057490, -73.95830000000)"
959,Dakota Apartments,New York,04/26/1972,90NR00687,-73.9762,40.776785938,"(40.77678593800, -73.97620000000)"
960,"Firehouse, Engine Company 31",New York,01/20/1972,90NR00610,-74.0012,40.7173109841,"(40.71731098410, -74.00120000000)"
961,"Firehouse, Engine Company 33",New York,03/16/1972,90NR00629,-73.9925,40.7269925564,"(40.72699255640, -73.99250000000)"
962,"Morgan, J. P., & Co. Building",New York,06/19/1972,90NR00759,-74.0105,40.7067490687,"(40.70674906870, -74.01050000000)"
963,Lighthouse,New York,03/16/1972,90NR00630,-73.9402,40.7728427749,"(40.77284277490, -73.94020000000)"
964,Madison Avenue Facade of the Squadron A Armory,New York,03/24/1972,90NR00637,-73.9547,40.786169294,"(40.78616929400, -73.95470000000)"
965,"Moore, William H., House",New York,03/16/1972,90NR00631,-73.9749,40.7606095344,"(40.76060953440, -73.97490000000)"
966,"Octagon, The",New York,03/16/1972,90NR00632,-73.9436,40.7690650167,"(40.76906501670, -73.94360000000)"
967,Smallpox Hospital,New York,03/16/1972,90NR00633,-73.9596,40.7516024918,"(40.75160249180, -73.95960000000)"
968,"Smith, Alfred E., House",New York,11/28/1972,90NR00919,-73.9981,40.712324353,"(40.71232435300, -73.99810000000)"
969,St. James Church,New York,07/24/1972,90NR00795,-73.9985,40.7122256562,"(40.71222565620, -73.99850000000)"
970,St. Marks-In-The-Bowery,New York,06/19/1972,90NR00760,-73.9871,40.7303607011,"(40.73036070110, -73.98710000000)"
971,Strecker Memorial Laboratory,New York,03/16/1972,90NR00634,-73.9582,40.752686951,"(40.75268695100, -73.95820000000)"
972,Surrogate's Court (Hall of Records),New York,01/29/1972,90NR00613,-74.0042,40.7135927802,"(40.71359278020, -74.00420000000)"
973,"Watson, James, House",New York,07/24/1972,90NR00796,-74.0137,40.7026404801,"(40.70264048010, -74.01370000000)"
985,"Fish, Hamilton, House (Stuyvesant-Fish House)",New York,07/31/1972,90NR00801,-73.9887,40.7301451787,"(40.73014517870, -73.98870000000)"
987,New York Cotton Exchange (India House),New York,01/07/1972,90NR00949,-74.0098,40.704519389,"(40.70451938900, -74.00980000000)"
1007,"Murray Street, Building at No. 75",New York,04/03/1973,90NR00650,-74.0106,40.7148241557,"(40.71482415570, -74.01060000000)"
1008,Chamber of Commerce Building,New York,02/06/1973,90NR00619,-74.0097,40.7090011703,"(40.70900117030, -74.00970000000)"
1009,Church of the Transfiguration and Rectory,New York,06/04/1973,90NR00753,-73.9859,40.7451969108,"(40.74519691080, -73.98590000000)"
1010,Governor's House,New York,04/26/1973,90NR00688,-74.0131,40.6909522284,"(40.69095222840, -74.01310000000)"
1011,"Haughwout, E. V., Building",New York,08/28/1973,90NR00814,-74.0027,40.7234264587,"(40.72342645870, -74.00270000000)"
1012,John Street Methodist Church,New York,06/04/1973,90NR00754,-74.0081,40.709086035,"(40.70908603500, -74.00810000000)"
1013,"Smith, Abigail Adams, Stable (Museum)",New York,01/12/1973,90NR00607,-73.96,40.7600107196,"(40.76001071960, -73.96000000000)"
1038,Federal Office Building,New York,08/30/1974,90NR00816,-74.0082,40.7322715795,"(40.73227157950, -74.00820000000)"
1039,Fort Jay,New York,03/27/1974,90NR00640,-74.016,40.6913559855,"(40.69135598550, -74.01600000000)"
1040,"Founder's Hall, The Rockefeller University",New York,05/30/1974,90NR00840,-73.9552,40.7624888505,"(40.76248885050, -73.95520000000)"
1041,Grace Church and Dependencies,New York,06/28/1974,90NR00768,-73.9908,40.7320633892,"(40.73206338920, -73.99080000000)"
1042,Henderson Place Historic District,New York,06/20/1974,90NR00761,-73.9448,40.7754271036,"(40.77542710360, -73.94480000000)"
1043,Henry Street Settlement and Neighborhood Playhouse,New York,05/30/1974,90NR00841,-73.9846,40.714031285,"(40.71403128500, -73.98460000000)"
1044,Salmagundi Club,New York,07/25/1974,90NR00797,-73.9944,40.734257443,"(40.73425744300, -73.99440000000)"
1045,Tweed Courthouse,New York,09/25/1974,90NR00857,-74.0056,40.7133929139,"(40.71339291390, -74.00560000000)"
1060,Association Residence Nursing Home,New York,02/20/1975,90NR00624,-73.9666,40.7986872919,"(40.79868729190, -73.96660000000)"
1061,Bell Telephone Laboratories,New York,05/15/1975,90NR00721,-74.0093,40.7368134934,"(40.73681349340, -74.00930000000)"
1062,City Pier A,New York,06/27/1975,90NR00767,-74.0179,40.7044225342,"(40.70442253420, -74.01790000000)"
1063,"Gracie, Archibald, Mansion",New York,05/12/1975,90NR00719,-73.9438,40.7750684235,"(40.77506842350, -73.94380000000)"
1064,Grand Central Terminal,New York,01/17/1975,90NR00609,-73.9772,40.7533331228,"(40.75333312280, -73.97720000000)"
1065,"Henson, Matthew, Residence",New York,05/15/1975,90NR00722,-73.9382,40.8257247254,"(40.82572472540, -73.93820000000)"
1066,Seventh Regiment Armory,New York,04/14/1975,90NR00657,-73.9655,40.7672449245,"(40.76724492450, -73.96550000000)"
1067,St. Nicholas Historic District,New York,10/29/1975,90NR00899,-73.9435,40.8181639374,"(40.81816393740, -73.94350000000)"
1068,Villard Houses,New York,09/02/1975,90NR00821,-73.975,40.7580059934,"(40.75800599340, -73.97500000000)"
1091,Bayard-Condict Building,New York,12/08/1976,90NR00926,-73.995,40.7263608436,"(40.72636084360, -73.99500000000)"
1092,Chrysler Building,New York,12/08/1976,90NR00927,-73.9753,40.7516395139,"(40.75163951390, -73.97530000000)"
1093,Harlem Fire Watchtower,New York,06/21/1976,90NR00762,-73.9435,40.8041231194,"(40.80412311940, -73.94350000000)"
1094,Lagrange Terrace,New York,12/12/1976,90NR00936,-73.9924,40.7293021897,"(40.72930218970, -73.99240000000)"
1095,Metropolitan Savings Bank,New York,12/12/1976,90NR00937,-73.99,40.7289423073,"(40.72894230730, -73.99000000000)"
1096,"Mooney, Edward, House",New York,12/12/1976,90NR00938,-73.9975,40.7146438284,"(40.71464382840, -73.99750000000)"
1097,Municipal Ferry Pier,New York,12/12/1976,90NR00939,-74.0117,40.7010696645,"(40.70106966450, -74.01170000000)"
1098,New York Amsterdam News Building,New York,05/11/1976,90NR00709,-73.9436,40.8149037915,"(40.81490379150, -73.94360000000)"
1099,"Robeson, Paul, Home",New York,12/08/1976,90NR00930,-73.939,40.8338381772,"(40.83383817720, -73.93900000000)"
1100,St. George's Episcopal Church,New York,12/08/1976,90NR00931,-73.985,40.7343465262,"(40.73434652620, -73.98500000000)"
1101,St. Patrick's Cathedral,New York,12/08/1976,90NR00932,-73.9762,40.7585390575,"(40.75853905750, -73.97620000000)"
1102,"Tilden, Samuel J., House",New York,05/11/1976,90NR00710,-73.9869,40.7375754673,"(40.73757546730, -73.98690000000)"
1103,Trinity Church and Graveyard,New York,12/08/1976,90NR00933,-74.012,40.7082490119,"(40.70824901190, -74.01200000000)"
1132,Devinne Press Building,New York,09/14/1977,90NR00842,-73.9927,40.7279423719,"(40.72794237190, -73.99270000000)"
1133,"Duke, James B., Mansion",New York,11/10/1977,90NR00907,-73.9637,40.7763437969,"(40.77634379690, -73.96370000000)"
1134,Fraunces Tavern Block,New York,04/28/1977,90NR00689,-74.011,40.7033666683,"(40.70336666830, -74.01100000000)"
1135,Hotel Chelsea,New York,12/27/1977,90NR00957,-73.9969,40.7443175052,"(40.74431750520, -73.99690000000)"
1136,"Market Street, House at 51",New York,07/29/1977,90NR00799,-73.9945,40.7118360214,"(40.71183602140, -73.99450000000)"
1137,"Morris, Lewis G., House",New York,08/12/1977,90NR00622,-73.9574,40.7792564706,"(40.77925647060, -73.95740000000)"
1138,New York Cancer Hospital,New York,04/29/1977,90NR00690,-73.9607,40.7978259768,"(40.79782597680, -73.96070000000)"
1139,Old New York Evening Post Building,New York,08/16/1977,90NR00808,-74.0095,40.7120553193,"(40.71205531930, -74.00950000000)"
1140,Old St. Patrick's Cathedral Complex,New York,08/29/1977,90NR00815,-73.9951,40.723611911,"(40.72361191100, -73.99510000000)"
1159,American Stock Exchange,New York,06/02/1978,90NR00734,-74.0128,40.7087647375,"(40.70876473750, -74.01280000000)"
1160,Apthorp Apartments,New York,01/30/1978,90NR00615,-73.9809,40.7837557268,"(40.78375572680, -73.98090000000)"
1161,Equitable Building,New York,06/02/1978,90NR00736,-74.0105,40.7082280579,"(40.70822805790, -74.01050000000)"
1162,Gilsey Hotel,New York,12/14/1978,90NR00941,-73.9881,40.7460895352,"(40.74608953520, -73.98810000000)"
1163,Metropolitan Life Insurance Company,New York,06/02/1978,90NR00738,-73.9874,40.7414882728,"(40.74148827280, -73.98740000000)"
1164,First National City Bank (Merchants' Exchange),New York,08/18/1972,90NR00809,-74.0093,40.7059394895,"(40.70593948950, -74.00930000000)"
1165,New York Life Building,New York,06/02/1978,90NR00740,-73.9856,40.7427569926,"(40.74275699260, -73.98560000000)"
1166,New York Stock Exchange,New York,06/02/1978,90NR00741,-74.0112,40.7069395589,"(40.70693955890, -74.01120000000)"
1167,Schomburg Center for Research in Black Culture,New York,09/21/1978,90NR00853,-73.9412,40.8147590898,"(40.81475908980, -73.94120000000)"
1168,"Stewart, A. T., Company Store",New York,06/02/1978,90NR00743,-74.0056,40.7142221481,"(40.71422214810, -74.00560000000)"
1169,Tiffany and Company Building,New York,06/02/1978,90NR00744,-73.9829,40.7499989991,"(40.74999899910, -73.98290000000)"
1170,WAVERTREE,New York,06/13/1978,93NR00521,-74.0024,40.705765068,"(40.70576506800, -74.00240000000)"
1195,Alwyn Court Apartments,New York,12/26/1976,90NR00956,-73.9793,40.7658846029,"(40.76588460290, -73.97930000000)"
1196,"Lafayette Street, Building at 376-380",New York,12/28/1979,90NR00958,-73.9938,40.7276162167,"(40.72761621670, -73.99380000000)"
1197,First Houses,New York,12/18/1979,90NR00945,-73.9862,40.7237729049,"(40.72377290490, -73.98620000000)"
1198,Harlem River Houses,New York,12/18/1979,90NR00946,-73.9362,40.8261351643,"(40.82613516430, -73.93620000000)"
1199,"Norwood, Andrew S., House",New York,07/09/1979,90NR00777,-74.0013,40.7395002908,"(40.73950029080, -74.00130000000)"
1200,Ottendorfer Public Library and Stuyvesant Polyclinic Hospital,New York,07/22/1979,90NR00789,-73.9878,40.7290363029,"(40.72903630290, -73.98780000000)"
1263,American Fine Arts Society,New York,05/06/1980,90NR00692,-73.9806,40.7662464061,"(40.76624640610, -73.98060000000)"
1264,American Radiator Building,New York,05/07/1980,90NR00703,-73.984,40.7527856153,"(40.75278561530, -73.98400000000)"
1265,New Amsterdam Theater,New York,01/10/1980,90NR00606,-73.9881,40.7559244445,"(40.75592444450, -73.98810000000)"
1266,Ansonia Hotel,New York,01/10/1980,90NR00605,-73.9822,40.7801427266,"(40.78014272660, -73.98220000000)"
1267,Association of the Bar of the City of New York,New York,01/03/1980,90NR00601,-73.9822,40.7553612847,"(40.75536128470, -73.98220000000)"
1268,Audubon Terrace Historic District,New York,05/30/1980,90NR00731,-73.9466,40.83357805,"(40.83357805000, -73.94660000000)"
1269,Bailey House,New York,04/23/1980,90NR00671,-73.942,40.8272907179,"(40.82729071790, -73.94200000000)"
1270,Belnord Apartments,New York,04/23/1980,90NR00672,-73.9754,40.7883437106,"(40.78834371060, -73.97540000000)"
1271,Bowery Savings Bank,New York,04/23/1980,90NR00674,-73.9953,40.7189032765,"(40.71890327650, -73.99530000000)"
1272,"East 66th Street, building at 45",New York,05/06/1980,90NR00696,-73.9678,40.7680519304,"(40.76805193040, -73.96780000000)"
1273,"Leonard Street, Building at 85",New York,04/23/1980,90NR00676,-74.0047,40.7174633142,"(40.71746331420, -74.00470000000)"
1274,Church of Notre Dame and Rectory,New York,05/06/1980,90NR00694,-73.9605,40.8051219556,"(40.80512195560, -73.96050000000)"
1275,Church of the Transfiguration,New York,04/16/1980,90NR00658,-73.9991,40.7146241964,"(40.71462419640, -73.99910000000)"
1276,Claremont Stables,New York,04/16/1980,90NR00659,-73.9729,40.7895850252,"(40.78958502520, -73.97290000000)"
1277,East 78th Street Houses,New York,03/25/1980,90NR00638,-73.9587,40.7741928332,"(40.77419283320, -73.95870000000)"
1278,Eldridge Street Synagogue,New York,03/28/1980,90NR00642,-73.9935,40.7147368046,"(40.71473680460, -73.99350000000)"
1279,First Shearith Israel Graveyard,New York,04/17/1980,90NR00665,-73.9983,40.7127709415,"(40.71277094150, -73.99830000000)"
1280,Former Police Headquarters Building,New York,03/28/1980,90NR00643,-73.9979,40.7201163234,"(40.72011632340, -73.99790000000)"
1281,Gramercy Park Historic District,New York,01/23/1980,90NR00611,-73.9863,40.7375919082,"(40.73759190820, -73.98630000000)"
1282,Harlem Courthouse,New York,04/16/1980,90NR00660,-73.9385,40.8012349662,"(40.80123496620, -73.93850000000)"
1283,Harvard Club of New York City,New York,03/28/1980,90NR00644,-73.9811,40.7557051001,"(40.75570510010, -73.98110000000)"
1284,"Holy Trinity Church, St. Christopher House and Parsonage",New York,05/30/1980,90NR00732,-73.9497,40.778473596,"(40.77847359600, -73.94970000000)"
1285,"East 4th St., House at 37",New York,01/03/1980,90NR00602,-73.992,40.7275491032,"(40.72754910320, -73.99200000000)"
1286,"Sullivan Street, Houses at 83 and 85",New York,11/17/1980,90NR00916,-74.0036,40.7248257726,"(40.72482577260, -74.00360000000)"
1287,Knickerbocker Hotel,New York,04/11/1980,90NR00656,-73.986,40.7553252358,"(40.75532523580, -73.98600000000)"
1288,Lescaze House,New York,05/19/1980,90NR00723,-73.9708,40.7544849295,"(40.75448492950, -73.97080000000)"
1289,Marble Collegiate Reformed Church,New York,04/09/1980,90NR00653,-73.9871,40.7456676996,"(40.74566769960, -73.98710000000)"
1290,Mariner's Temple,New York,04/16/1980,90NR00661,-73.9977,40.7129763707,"(40.71297637070, -73.99770000000)"
1291,McGraw-Hill Building,New York,03/28/1980,90NR00645,-73.9916,40.7575180678,"(40.75751806780, -73.99160000000)"
1292,Municipal Asphalt Plant,New York,05/23/1980,90NR00726,-73.944,40.7783688649,"(40.77836886490, -73.94400000000)"
1293,New York City Marble Cemetery,New York,09/17/1980,90NR00849,-73.9889,40.724624079,"(40.72462407900, -73.98890000000)"
1294,"New York Public Library, 115th Street Branch",New York,05/06/1980,90NR00698,-73.9535,40.8030095361,"(40.80300953610, -73.95350000000)"
1295,"Thomas Street, Building at No. 8",New York,04/30/1980,90NR00691,-74.0056,40.7158638696,"(40.71586386960, -74.00560000000)"
1296,Old Colony Club,New York,04/23/1980,90NR00677,-73.9849,40.7455747835,"(40.74557478350, -73.98490000000)"
1297,Old Grolier Club,New York,04/23/1980,90NR00678,-73.9833,40.7464813958,"(40.74648139580, -73.98330000000)"
1298,Public Baths,New York,04/23/1980,90NR00679,-73.9757,40.7361587721,"(40.73615877210, -73.97570000000)"
1299,Public School 35,New York,10/27/1980,90NR00885,-73.9659,40.7548349521,"(40.75483495210, -73.96590000000)"
1300,"Rice, Isaac L., Mansion",New York,06/25/1980,90NR00766,-73.9786,40.7915036464,"(40.79150364640, -73.97860000000)"
1301,Riverside-West 105th Street Historic District,New York,08/19/1980,90NR00811,-73.9699,40.8014674637,"(40.80146746370, -73.96990000000)"
1302,"Roosevelt, Sara Delano, Memorial House",New York,03/28/1980,90NR00646,-73.9676,40.7671323269,"(40.76713232690, -73.96760000000)"
1303,Scribner Building,New York,05/06/1980,90NR00699,-73.9901,40.7404539644,"(40.74045396440, -73.99010000000)"
1304,Sea and Land Church,New York,04/09/1980,90NR00654,-73.9948,40.7131985444,"(40.71319854440, -73.99480000000)"
1305,St. Andrew's Episcopal Church,New York,03/18/1980,90NR00635,-73.9408,40.8077411051,"(40.80774110510, -73.94080000000)"
1306,St. Augustine's Chapel,New York,05/06/1980,90NR00700,-73.9831,40.7136947817,"(40.71369478170, -73.98310000000)"
1307,St. Bartholomew's Church and Community House,New York,04/16/1980,90NR00662,-73.9731,40.7572335365,"(40.75723353650, -73.97310000000)"
1308,St. Jean Baptiste Church and Rectory,New York,04/23/1980,90NR00681,-73.9599,40.7725904886,"(40.77259048860, -73.95990000000)"
1309,St. Peter's Roman Catholic Church,New York,04/23/1980,90NR00682,-74.0096,40.7123609586,"(40.71236095860, -74.00960000000)"
1310,St. Thomas Church and Parish House,New York,04/09/1980,90NR00655,-73.9763,40.7608708899,"(40.76087088990, -73.97630000000)"
1311,Stuyvesant Square Historic District,New York,11/21/1980,90NR00918,-73.9845,40.7340564033,"(40.73405640330, -73.98450000000)"
1312,Town Hall,New York,04/23/1980,90NR00683,-73.9844,40.7560899132,"(40.75608991320, -73.98440000000)"
1313,Union Theological Seminary,New York,04/23/1980,90NR00684,-73.9621,40.8114399885,"(40.81143998850, -73.96210000000)"
1314,University Club,New York,04/16/1980,90NR00663,-73.9757,40.7614869691,"(40.76148696910, -73.97570000000)"
1315,"Waldo, Gertrude Rhinelander, Mansion",New York,05/06/1980,90NR00701,-73.9654,40.7714651459,"(40.77146514590, -73.96540000000)"
1316,West 76th Street Historic District,New York,07/24/1980,94NR00525,-73.9757,40.7794684345,"(40.77946843450, -73.97570000000)"
1317,West End Collegiate Church and Collegiate School,New York,05/06/1980,90NR00702,-73.9816,40.7830487781,"(40.78304877810, -73.98160000000)"
1349,"New York Public Library, Hamilton Grange Branch",New York,07/23/1981,90NR00790,-73.948,40.8256936198,"(40.82569361980, -73.94800000000)"
1437,"Madison Avenue, Apartment at 1261",New York,10/29/1982,90NR00886,-73.9566,40.783519764,"(40.78351976400, -73.95660000000)"
1438,Beacon Theater and Hotel,New York,11/04/1982,90NR00903,-73.9809,40.7805173176,"(40.78051731760, -73.98090000000)"
1439,Casa Italiana,New York,10/29/1982,90NR00888,-73.9602,40.8075957345,"(40.80759573450, -73.96020000000)"
1440,Daily News Building,New York,11/14/1982,90NR00912,-73.9732,40.7497620098,"(40.74976200980, -73.97320000000)"
1441,Empire State Building,New York,11/17/1982,90NR00915,-73.9857,40.7484455477,"(40.74844554770, -73.98570000000)"
1442,First Police Precinct Station House,New York,10/29/1982,90NR00890,-74.0081,40.7034882564,"(40.70348825640, -74.00810000000)"
1443,Gouverneur Hospital,New York,10/29/1982,90NR00891,-73.9836,40.7111020515,"(40.71110205150, -73.98360000000)"
1444,"East 92nd Street, Houses at 120 and 122",New York,10/29/1982,90NR00889,-73.9536,40.7834641377,"(40.78346413770, -73.95360000000)"
1445,"West 24th Street, Houses at 437-459",New York,10/29/1982,90NR00892,-74.0027,40.7481638374,"(40.74816383740, -74.00270000000)"
1446,"East 58th Street, Houses at 311 and 313",New York,11/14/1982,90NR00913,-73.9642,40.7599343136,"(40.75993431360, -73.96420000000)"
1447,"Hughes, Langston, House",New York,10/29/1982,90NR00893,-73.9405,40.8072076716,"(40.80720767160, -73.94050000000)"
1449,"LeRoy, Daniel, House",New York,10/29/1982,90NR00895,-73.989,40.7289104145,"(40.72891041450, -73.98900000000)"
1450,New York County Lawyers Association Building,New York,10/29/1982,90NR00896,-74.0092,40.7119332553,"(40.71193325530, -74.00920000000)"
1451,New York School of Applied Design,New York,12/16/1982,90NR00943,-73.9817,40.7441159569,"(40.74411595690, -73.98170000000)"
1452,New York Yacht Club,New York,10/29/1982,90NR00897,-73.9816,40.7557282246,"(40.75572822460, -73.98160000000)"
1453,Robbins & Appleton Building,New York,10/29/1982,90NR00898,-73.9948,40.7266663019,"(40.72666630190, -73.99480000000)"
1454,"Vanderbilt, Mrs. Graham Fair, House",New York,10/29/1982,90NR00900,-73.955,40.7848386401,"(40.78483864010, -73.95500000000)"
1455,"Warburg, Felix M., Mansion",New York,10/29/1982,90NR00901,-73.9572,40.785413952,"(40.78541395200, -73.95720000000)"
1493,Appellate Division Courthouse of New York State,New York,07/26/1982,90NR00798,-73.9865,40.7422059677,"(40.74220596770, -73.98650000000)"
1494,"Baker, George F., Jr. and Sr. Residences",New York,06/03/1982,90NR00745,-73.9542,40.7849870042,"(40.78498700420, -73.95420000000)"
1495,Candler Building,New York,07/08/1982,90NR00774,-73.9882,40.7561743828,"(40.75617438280, -73.98820000000)"
1496,Century Association Building,New York,07/15/1982,90NR00780,-73.981,40.7546533213,"(40.75465332130, -73.98100000000)"
1497,Church Missions House,New York,06/03/1982,90NR00746,-73.9867,40.7392579133,"(40.73925791330, -73.98670000000)"
1498,Church of the Incarnation and Parish House,New York,07/08/1982,90NR00775,-73.982,40.7484824861,"(40.74848248610, -73.98200000000)"
1499,Civic Club,New York,09/16/1982,90NR00848,-73.9761,40.7452136076,"(40.74521360760, -73.97610000000)"
1500,"Douglas, Adelaide L. T., House",New York,07/15/1982,90NR00781,-73.9794,40.7491325649,"(40.74913256490, -73.97940000000)"
1501,East 73rd Street Historic District,New York,07/22/1982,90NR00788,-73.9609,40.7707746466,"(40.77077464660, -73.96090000000)"
1502,Emigrant Industrial Savings Bank,New York,02/25/1982,90NR00626,-74.0051,40.7139753527,"(40.71397535270, -74.00510000000)"
1503,Former New York Life Insurance Company Building,New York,06/28/1982,90NR00769,-74.0034,40.7163780181,"(40.71637801810, -74.00340000000)"
1504,"East 29 Street, House at 203",New York,07/08/1982,90NR00776,-73.9799,40.7424996115,"(40.74249961150, -73.97990000000)"
1505,"East 89th Street, Houses at 146-156",New York,06/03/1982,90NR00747,-73.9538,40.7810312245,"(40.78103122450, -73.95380000000)"
1506,"Jones Street, Houses at 26, 28 and 30",New York,06/03/1982,90NR00748,-74.0028,40.7317684251,"(40.73176842510, -74.00280000000)"
1507,"East 18th Street, Houses at 326, 328 and 330",New York,09/30/1982,90NR00860,-73.982,40.7341215079,"(40.73412150790, -73.98200000000)"
1508,Knox Building,New York,06/03/1982,90NR00749,-73.9822,40.7522393042,"(40.75223930420, -73.98220000000)"
1509,Lamb's Club,New York,06/03/1982,90NR00750,-73.9846,40.756489987,"(40.75648998700, -73.98460000000)"
1510,"Lanier, James F.D., Residence",New York,06/03/1982,90NR00751,-73.9797,40.7474893397,"(40.74748933970, -73.97970000000)"
1511,"Loew, William Goadby, House",New York,07/15/1982,90NR00782,-73.9552,40.7849143568,"(40.78491435680, -73.95520000000)"
1512,New York Presbyterian Church,New York,06/03/1982,90NR00752,-73.9464,40.8109283886,"(40.81092838860, -73.94640000000)"
1513,Public School 157,New York,12/10/1981,90NR00935,-73.9521,40.8118530397,"(40.81185303970, -73.95210000000)"
1547,"Brown, James, House",New York,08/11/1983,90NR00806,-74.0095,40.7258498938,"(40.72584989380, -74.00950000000)"
1548,"Broadway, Building at 361",New York,09/15/1983,90NR00843,-74.004,40.7175173718,"(40.71751737180, -74.00400000000)"
1549,Cary Building,New York,09/15/1983,90NR00844,-74.008,40.7152900717,"(40.71529007170, -74.00800000000)"
1550,Central Savings Bank,New York,09/08/1983,90NR00832,-73.9812,40.7797755374,"(40.77977553740, -73.98120000000)"
1551,Croton Aqueduct Gate House,New York,09/22/1983,90NR00854,-73.9515,40.8184125934,"(40.81841259340, -73.95150000000)"
1552,DeLamar Mansion,New York,08/25/1983,90NR00812,-73.9812,40.7496920466,"(40.74969204660, -73.98120000000)"
1553,Dorilton,New York,09/08/1983,90NR00833,-73.9816,40.7779564716,"(40.77795647160, -73.98160000000)"
1554,Fourteenth Ward Industrial School,New York,01/27/1983,90NR00612,-73.9945,40.7235567101,"(40.72355671010, -73.99450000000)"
1555,Grand Hotel,New York,09/15/1983,90NR00845,-73.988,40.7471767676,"(40.74717676760, -73.98800000000)"
1556,"Hatch, Barbara Rutherford, House",New York,06/09/1983,90NR00755,-73.9655,40.7646287597,"(40.76462875970, -73.96550000000)"
1557,"Sanger, Margaret, Clinic",New York,05/26/1983,90NR00727,-73.994,40.738104046,"(40.73810404600, -73.99400000000)"
1558,"Prince Street, House at 203",New York,05/26/1983,90NR00728,-74.0028,40.7269117349,"(40.72691173490, -74.00280000000)"
1559,"East 78th Street, Houses at 208-218",New York,06/30/1983,90NR00771,-73.9572,40.7731847838,"(40.77318478380, -73.95720000000)"
1560,"Fifth Avenue, Houses at 647 and 651-653, and 4 East 52nd Street",New York,09/08/1983,90NR00834,-73.976,40.7594827457,"(40.75948274570, -73.97600000000)"
1561,Liberty Tower,New York,09/15/1983,90NR00847,-74.0094,40.708858509,"(40.70885850900, -74.00940000000)"
1562,Lincoln Building,New York,09/08/1983,90NR00835,-73.9919,40.7355111792,"(40.73551117920, -73.99190000000)"
1563,"Park East Synagogue, Congregation Zichron Ephraim",New York,08/18/1983,90NR00810,-73.9634,40.7669831983,"(40.76698319830, -73.96340000000)"
1564,Pomander Walk District,New York,09/08/1983,90NR00836,-73.9733,40.794044705,"(40.79404470500, -73.97330000000)"
1565,Puck Building,New York,07/21/1983,90NR00786,-73.9954,40.7245392196,"(40.72453921960, -73.99540000000)"
1566,Racquet and Tennis Club Building,New York,07/13/1983,90NR00779,-73.9732,40.7589125464,"(40.75891254640, -73.97320000000)"
1567,Red House,New York,09/08/1983,90NR00837,-73.9803,40.7888549779,"(40.78885497790, -73.98030000000)"
1568,"Rogers, John S., House",New York,06/30/1983,90NR00773,-73.9615,40.7763428027,"(40.77634280270, -73.96150000000)"
1569,"Smith, Fleming, Warehouse",New York,05/26/1983,90NR00729,-74.01,40.7239953835,"(40.72399538350, -74.01000000000)"
1570,Society for the Lying-In Hospital,New York,08/30/1983,90NR00818,-73.9837,40.7347566542,"(40.73475665420, -73.98370000000)"
1571,"West 89th Street, Stables at 167, 169, 171",New York,08/25/1983,90NR00813,-73.9727,40.7894864697,"(40.78948646970, -73.97270000000)"
1572,Studio Apartments,New York,05/19/1983,90NR00724,-73.9761,40.7802570559,"(40.78025705590, -73.97610000000)"
1573,Turtle Bay Gardens Historic District,New York,07/21/1983,90NR00787,-73.9701,40.7543382769,"(40.75433827690, -73.97010000000)"
1574,"Van Rensselar, Stephen, House",New York,06/16/1983,90NR00757,-73.9976,40.7190774541,"(40.71907745410, -73.99760000000)"
1575,West 73rd-74th Street Historic District,New York,09/08/1983,90NR00838,-73.9768,40.7778899539,"(40.77788995390, -73.97680000000)"
1618,Apollo Theater,New York,11/17/1983,90NR00914,-73.9494,40.8099790866,"(40.80997908660, -73.94940000000)"
1619,Lever House,New York,10/02/1983,90NR00861,-73.9729,40.7596016188,"(40.75960161880, -73.97290000000)"
1633,AMBROSE (lightship),New York,09/07/1984,90NR00823,-74.0025,40.7053286024,"(40.70532860240, -74.00250000000)"
1634,College of the City of New York,New York,09/07/1984,90NR00824,-73.9491,40.8208847283,"(40.82088472830, -73.94910000000)"
1635,Film Center Building,New York,09/07/1984,90NR00825,-73.9912,40.7599263626,"(40.75992636260, -73.99120000000)"
1636,JOHN A. LYNCH (ferryboat),New York,09/07/1984,90NR00826,-74.0019,40.7051828397,"(40.70518283970, -74.00190000000)"
1637,LETTIE G. HOWARD (Schooner),New York,09/07/1984,90NR00827,-74.0025,40.7057660909,"(40.70576609090, -74.00250000000)"
1638,Level Club,New York,04/09/1984,90NR00652,-73.983,40.780300062,"(40.78030006200, -73.98300000000)"
1639,Mecca Temple,New York,09/07/1984,90NR00828,-73.9794,40.763940674,"(40.76394067400, -73.97940000000)"
1640,St. Cecilia's Church and Convent,New York,02/02/1984,90NR00617,-73.9472,40.792333702,"(40.79233370200, -73.94720000000)"
1641,Church of St. Vincent Ferrer and Priory,New York,06/14/1984,90NR00756,-73.9647,40.7660880916,"(40.76608809160, -73.96470000000)"
1642,Sofia Warehouse,New York,09/27/1984,90NR00858,-73.9833,40.7705625013,"(40.77056250130, -73.98330000000)"
1643,Webster Hotel,New York,09/07/1984,90NR00831,-73.9813,40.7559429632,"(40.75594296320, -73.98130000000)"
1687,United Charities Building Complex,New York,03/28/1985,90NR00647,-73.9862,40.7394784588,"(40.73947845880, -73.98620000000)"
1690,"Sidewalk Clock at 200 5th Avenue, Manhattan",New York,04/18/1985,90NR00668,-73.9893,40.7420037288,"(40.74200372880, -73.98930000000)"
1691,"Sidewalk Clock at 519 3rd Avenue, Manhattan",New York,04/18/1985,90NR00666,-73.9777,40.7461863211,"(40.74618632110, -73.97770000000)"
1692,"Sidewalk Clock at 522 5th Avenue, Manhattan",New York,04/18/1985,90NR00669,-73.9802,40.7546797368,"(40.75467973680, -73.98020000000)"
1693,"Sidewalk Clock at 783 5th Avenue, Manhattan",New York,04/18/1985,90NR00670,-73.9728,40.7645112239,"(40.76451122390, -73.97280000000)"
1701,Minton's Playhouse,New York,09/18/1985,90NR00851,-73.9524,40.8046456304,"(40.80464563040, -73.95240000000)"
1781,Christodora House,New York,03/20/1986,90NR00636,-73.98,40.7263292587,"(40.72632925870, -73.98000000000)"
1784,"Hopper, Isaac T., House",New York,05/22/1986,90NR00725,-73.9881,40.7275873759,"(40.72758737590, -73.98810000000)"
1794,University Settlement House,New York,09/11/1986,93NR00520,-73.9905,40.7205540382,"(40.72055403820, -73.99050000000)"
1795,Tudor City Historic District,New York,09/11/1986,92NR00295,-73.9709,40.749073975,"(40.74907397500, -73.97090000000)"
1797,City & Suburban Homes Company's York Avenue Estate,New York,09/15/1994,90NR03286,-73.9583,40.7625875628,"(40.76258756280, -73.95830000000)"
1806,R & S Building,New York,09/22/1986,93NR00430,-73.9756,40.7402172641,"(40.74021726410, -73.97560000000)"
1840,Public School 9,New York,08/03/1987,90NR03038,-73.9792,40.786335718,"(40.78633571800, -73.97920000000)"
1852,Church of the Ascension (Protestant Episcopal),New York,12/23/1987,90NR02844,-73.9958,40.7337917414,"(40.73379174140, -73.99580000000)"
1853,"Low Memorial Library, Columbia University",New York,12/23/1987,90NR02845,-73.9618,40.8082294353,"(40.80822943530, -73.96180000000)"
1907,United States Post Office-Church Street Station,New York,05/11/1989,90NR00712,-74.0106,40.7127375034,"(40.71273750340, -74.01060000000)"
1908,United States Post Office-Cooper Station,New York,05/11/1989,90NR00713,-73.9897,40.7320417987,"(40.73204179870, -73.98970000000)"
1909,United States Post Office-Inwood Station,New York,05/11/1989,90NR00714,-73.9229,40.8661922486,"(40.86619224860, -73.92290000000)"
1910,United States Post Office-Knickerbocker Station,New York,05/11/1989,90NR00715,-73.9919,40.7141864157,"(40.71418641570, -73.99190000000)"
1911,United States Post Office-Lenox Hill Station,New York,05/11/1989,90NR00716,-73.9601,40.7680844069,"(40.76808440690, -73.96010000000)"
1973,American Museum Of Natural History,New York,06/24/1976,90NR00763,-73.9741,40.7810401089,"(40.78104010890, -73.97410000000)"
1974,Plaza Hotel and Grand Army Plaza,New York,11/29/1978,90NR00921,-73.9744,40.7644499003,"(40.76444990030, -73.97440000000)"
1975,Radio City Music Hall,New York,05/08/1978,90NR00704,-73.9799,40.7600675128,"(40.76006751280, -73.97990000000)"
2044,"McKay, Claude, House",New York,12/08/1976,90NR00928,-73.943,40.8146924676,"(40.81469246760, -73.94300000000)"
2045,"Cook, Will Marion, House",New York,05/11/1976,90NR00706,-73.9433,40.8178512449,"(40.81785124490, -73.94330000000)"
2046,Barbizon Hotel for Women,New York,10/29/1982,90NR00887,-73.9662,40.7644060661,"(40.76440606610, -73.96620000000)"
2057,"Scott, Gen. Winfield, House",New York,11/07/1973,90NR00904,-73.9954,40.7350724055,"(40.73507240550, -73.99540000000)"
2097,Third Judicial District Courthouse (Jefferson Market Library),New York,11/09/1972,90NR00906,-73.9992,40.7346137735,"(40.73461377350, -73.99920000000)"
2098,"Mills, Florence, House",New York,12/08/1976,90NR00929,-73.9446,40.8154524917,"(40.81545249170, -73.94460000000)"
2099,Bouwerie Lane Theater,New York,04/23/1980,90NR00673,-73.9924,40.7259273534,"(40.72592735340, -73.99240000000)"
2100,Chanin Building,New York,04/23/1980,90NR00675,-73.9767,40.7512211644,"(40.75122116440, -73.97670000000)"
2101,Church of the Immaculate Conception and Clergy Houses,New York,03/28/1980,90NR00641,-73.9823,40.7308013682,"(40.73080136820, -73.98230000000)"
2102,East 80th Street Houses,New York,03/26/1980,90NR00639,-73.9592,40.7757795529,"(40.77577955290, -73.95920000000)"
2103,Federal Reserve Bank of New York,New York,05/06/1980,90NR00697,-74.0087,40.7084011412,"(40.70840114120, -74.00870000000)"
2104,Park Avenue Houses,New York,01/03/1980,90NR00603,-73.9658,40.7690086958,"(40.76900869580, -73.96580000000)"
2105,Schinasi House,New York,04/23/1980,90NR00680,-73.9692,40.8029824441,"(40.80298244410, -73.96920000000)"
2106,New York Marble Cemetery,New York,09/17/1980,90NR00850,-73.9909,40.7256234382,"(40.72562343820, -73.99090000000)"
2107,Grand Central Terminal (Boundary Increase: Park Avenue Viaduct),New York,08/11/1983,90NR00807,-73.978,40.7518992158,"(40.75189921580, -73.97800000000)"
2108,Hotel Gerard,New York,02/10/1983,90NR00621,-73.9842,40.7568277464,"(40.75682774640, -73.98420000000)"
2109,MacDougal-Sullivan Gardens Historic District,New York,06/30/1983,90NR00772,-74.0013,40.7284479,"(40.72844790000, -74.00130000000)"
2110,Odd Fellows Hall,New York,09/22/1983,90NR00855,-73.9984,40.7194849188,"(40.71948491880, -73.99840000000)"
2111,Riverside Drive-West 80th-81st Streets Historic District,New York,05/10/1984,90NR00705,-73.9814,40.7854816624,"(40.78548166240, -73.98140000000)"
2112,"East 69th Street, Rowhouses at 322-344",New York,09/07/1984,90NR00829,-73.9589,40.7663022315,"(40.76630223150, -73.95890000000)"
2113,"Sidewalk Clock at 1501 3rd Avenue, Manhattan",New York,04/18/1985,90NR00667,-73.9545,40.7780392443,"(40.77803924430, -73.95450000000)"
2114,Sutton Place Historic District,New York,09/12/1985,90NR00839,-73.9599,40.7575286177,"(40.75752861770, -73.95990000000)"
2115,Metropolitan Museum of Art,New York,06/24/1986,90NR02847,-73.9634,40.7794365611,"(40.77943656110, -73.96340000000)"
2127,Congregation B'nai Jeshurun and Community House,New York,06/02/1989,90NR00735,-73.9761,40.7902525034,"(40.79025250340, -73.97610000000)"
2129,"Dahlgren, Lucy Drexel, Residence",New York,07/20/1989,90NR00785,-73.9546,40.787713617,"(40.78771361700, -73.95460000000)"
2137,Mount Morris Bank,New York,12/07/1989,90NR03034,-73.9393,40.8053943536,"(40.80539435360, -73.93930000000)"
2138,Duke Residence,New York,12/07/1989,93NR00432,-73.9621,40.7787254929,"(40.77872549290, -73.96210000000)"
2141,"West 54th Street, Residences at 5-15",New York,01/04/1990,94NR00524,-73.9762,40.7616216324,"(40.76162163240, -73.97620000000)"
2142,Church of St. Mary the Virgin Complex,New York,04/16/1990,91NR00067,-73.9836,40.7583552427,"(40.75835524270, -73.98360000000)"
2150,"Verdi, Giuseppe, Monument",New York,10/04/1990,90NR03040,-73.9815,40.7791073667,"(40.77910736670, -73.98150000000)"
2152,International Mercantile Marine Company Building (U.S. Lines),New York,03/02/1991,94NR00582,-74.0145,40.7049584847,"(40.70495848470, -74.01450000000)"
2166,Church of St. Paul the Apostle,New York,12/05/1991,91NR00098,-73.9852,40.7698432691,"(40.76984326910, -73.98520000000)"
2177,Tenement Building at 97 Orchard Street,New York,05/19/1992,92NR00300,-73.9902,40.7185444235,"(40.71854442350, -73.99020000000)"
2244,MACHIGONNE (YANKEE) Ferryboat,New York,12/03/1992,92NR00388,-74.0155,40.7218229594,"(40.72182295940, -74.01550000000)"
2300,"Macy, R. H., and Company Store",New York,06/02/1978,90NR00737,-73.9891,40.7508220861,"(40.75082208610, -73.98910000000)"
2301,U.S. Customhouse,New York,01/31/1972,90NR00616,-74.0137,40.704050597,"(40.70405059700, -74.01370000000)"
2302,Yiddish Art Theatre,New York,09/19/1985,90NR00852,-73.9864,40.7309742543,"(40.73097425430, -73.98640000000)"
2303,United States Post Office-Canal Street Station,New York,05/11/1989,90NR00711,-74.0041,40.7204797498,"(40.72047974980, -74.00410000000)"
2304,United States Post Office-Old Chelsea Station,New York,05/11/1989,90NR00718,-73.9989,40.7417216969,"(40.74172169690, -73.99890000000)"
2305,"Johnson, James Weldon, House",New York,05/11/1976,90NR00708,-73.943,40.8152786205,"(40.81527862050, -73.94300000000)"
2306,"Dyckman, William, House",New York,12/24/1967,90NR00955,-73.9234,40.8672953493,"(40.86729534930, -73.92340000000)"
2307,Jeffrey's Hook Lighthouse,New York,05/29/1979,90NR00730,-73.9466,40.8508984698,"(40.85089846980, -73.94660000000)"
2309,West 67th Street Artists' Colony Historic District,New York,07/11/1985,90NR00778,-73.9797,40.7736666591,"(40.77366665910, -73.97970000000)"
2310,Westchester House,New York,03/20/1986,94NR00532,-73.9949,40.7195422646,"(40.71954226460, -73.99490000000)"
2323,"Judson Memorial Church, Campanile, and Judson Hall",New York,10/16/1974,90NR00882,-73.9984,40.7302043812,"(40.73020438120, -73.99840000000)"
2330,U.S. General Post Office,New York,01/29/1973,90NR00614,-73.9959,40.7515514478,"(40.75155144780, -73.99590000000)"
2344,"Sinclair, Harry F., House",New York,06/02/1978,90NR00742,-73.9635,40.7767183986,"(40.77671839860, -73.96350000000)"
2361,Osborne Apartments,New York,04/22/1993,93NR00476,-73.9803,40.7659546353,"(40.76595463530, -73.98030000000)"
2362,African Burial Ground,New York,04/19/1993,93NR00474,-74.005,40.7143460343,"(40.71434603430, -74.00500000000)"
2364,369th Regiment Armory,New York,01/28/1994,93NR00511,-73.9352,40.8179245674,"(40.81792456740, -73.93520000000)"
2373,"Parker, Charlie, Residence",New York,04/07/1994,93NR00467,-73.9799,40.726529928,"(40.72652992800, -73.97990000000)"
2382,Times Square Hotel,New York,05/04/1995,94NR00593,-73.9887,40.7578858713,"(40.75788587130, -73.98870000000)"
2388,Fort Washington Avenue (22nd Corps of Engineers) Armory,New York,03/02/1995,94NR00545,-73.9413,40.8421442915,"(40.84214429150, -73.94130000000)"
2398,Zion-St. Mark's Evangelical Lutheran Church,New York,03/23/1995,93NR00502,-73.951,40.7761258132,"(40.77612581320, -73.95100000000)"
2399,Whitney Museum of American Art (NY Studio School),New York,01/01/1993,93NR00506,-73.9972,40.732389145,"(40.73238914500, -73.99720000000)"
2403,Empire Building,New York,08/28/1998,94NR00579,-74.0125,40.7074996733,"(40.70749967330, -74.01250000000)"
2413,Battery Park Control House,New York,05/06/1980,90NR00693,-74.0145,40.7040990148,"(40.70409901480, -74.01450000000)"
2414,Control House on 72nd Street,New York,05/06/1980,90NR00695,-73.9819,40.7785284821,"(40.77852848210, -73.98190000000)"
2415,"New York Public Library, Yorkville Branch",New York,07/15/1982,90NR00783,-73.9564,40.7736140949,"(40.77361409490, -73.95640000000)"
3221,City & Suburban Homes Company's York Avenue Estate,New York,09/15/1994,90NR03286,-73.9495,40.7703429559,"(40.77034295590, -73.94950000000)"
3262,"Delta Psi, Alpha Chapter",New York,04/26/1996,96NR00980,-73.9659,40.8084215377,"(40.80842153770, -73.96590000000)"
3284,W.O. DECKER (Tugboat),New York,09/13/1996,96NR01026,-74.0032,40.7051755937,"(40.70517559370, -74.00320000000)"
3308,New York Public Library and Bryant Park,New York,05/06/1980,90NR00874,-73.983,40.7536112946,"(40.75361129460, -73.98300000000)"
3309,Woolworth Building,New York,11/13/1966,90NR00911,-74.0083,40.7124629757,"(40.71246297570, -74.00830000000)"
3317,John Street Building No. 170--176,New York,05/13/1971,90NR00720,-74.0043,40.7059203667,"(40.70592036670, -74.00430000000)"
3320,"Octagon, The",New York,03/16/1972,90NR00632,-73.9435,40.7692008956,"(40.76920089560, -73.94350000000)"
3322,Sniffen Court Historic District,New York,11/28/1973,90NR00920,-73.978,40.7470956918,"(40.74709569180, -73.97800000000)"
3331,St. Michael's Church Complex,New York,11/15/1996,96NR01080,-73.9693,40.7964513551,"(40.79645135510, -73.96930000000)"
3431,Century Building,New York,09/18/1997,97NR01188,-73.9894,40.7371596667,"(40.73715966670, -73.98940000000)"
3433,"Sullivan, Ed, Theater",New York,11/17/1997,93NR00469,-73.9832,40.7637970183,"(40.76379701830, -73.98320000000)"
3439,Broad Exchange Building,New York,04/13/1998,97NR01275,-74.0108,40.7058877484,"(40.70588774840, -74.01080000000)"
3479,First Roumanian-American Congregation Synagogue,New York,03/12/1998,98NR01290,-73.9888,40.7200071305,"(40.72000713050, -73.98880000000)"
3542,"West Street, Building at 21",New York,03/12/1999,98NR01402,-74.0155,40.7063915565,"(40.70639155650, -74.01550000000)"
3551,Frying Pan Shoals Lightship No. 115,New York,01/28/1999,98NR01418,-74.0098,40.750222345,"(40.75022234500, -74.00980000000)"
3570,"Fifth Avenue, Houses at 1026-1028",New York,02/12/1999,98NR01393,-73.9612,40.7799094298,"(40.77990942980, -73.96120000000)"
3571,Prince George Hotel,New York,02/12/1999,99NR01429,-73.9866,40.7440125153,"(40.74401251530, -73.98660000000)"
3605,International House,New York,09/10/2000,99NR01460,-73.9615,40.8138036572,"(40.81380365720, -73.96150000000)"
3614,Kehila Kedosha Janina Synagogue,New York,11/30/1999,99NR01516,-73.9911,40.7185700222,"(40.71857002220, -73.99110000000)"
3615,St. Ignatius of Antioch Episcopal Church,New York,11/30/1999,99NR01495,-73.9772,40.7892492572,"(40.78924925720, -73.97720000000)"
3628,American Bank Note Company Office Building,New York,11/30/1999,99NR01551,-74.0118,40.7048200244,"(40.70482002440, -74.01180000000)"
3629,Insurance Company of North America Building,New York,11/30/1999,99NR01553,-74.006,40.7082811275,"(40.70828112750, -74.00600000000)"
3630,Beth Hamedrash Hagodol Synagogue,New York,11/30/1999,99NR01552,-73.9878,40.7170462556,"(40.71704625560, -73.98780000000)"
3650,Stone Street Historic District,New York,11/12/1999,97NR01168,-74.0103,40.7043696963,"(40.70436969630, -74.01030000000)"
3666,New York Savings Bank,New York,01/07/2000,99NR01554,-74.0028,40.7401344165,"(40.74013441650, -74.00280000000)"
3685,St. Philips Protestant Episcopal Church,New York,09/25/2008,97NR01231,-73.9452,40.8147629525,"(40.81476295250, -73.94520000000)"
3705,Manhattan Company Building,New York,06/16/2000,00NR01621,-74.0097,40.707024058,"(40.70702405800, -74.00970000000)"
3706,Lower East Side Historic District (Boundary Increase),New York,05/02/2006,03NR05156,-73.9875,40.7157854853,"(40.71578548530, -73.98750000000)"
3709,"John J. Harvey, fireboat",New York,06/16/2000,00NR01599,-74.0105,40.7500887198,"(40.75008871980, -74.01050000000)"
3726,Public School 109,New York,09/22/2000,00NR01656,-73.9466,40.7870117937,"(40.78701179370, -73.94660000000)"
3727,First Hungarian Reformed Church,New York,08/31/2000,00NR01655,-73.9585,40.7661311535,"(40.76613115350, -73.95850000000)"
3728,New York Evening Post Building,New York,09/22/2000,00NR01653,-74.0145,40.7090198174,"(40.70901981740, -74.01450000000)"
3798,FATHER FRANCIS P. DUFFY STATUE AND DUFFY SQUARE,New York,03/12/2001,01NR01728,-73.985,40.7591203087,"(40.75912030870, -73.98500000000)"
3830,Germania Life Insurance Company Building,New York,05/25/2001,01NR01771,-73.9885,40.7365819592,"(40.73658195920, -73.98850000000)"
3941,Sugar Hill Historic District,New York,04/11/2002,01NR01879,-73.9429,40.8274005286,"(40.82740052860, -73.94290000000)"
3947,Old Broadway Synagogue,New York,01/11/2002,01NR01808,-73.9571,40.8152495674,"(40.81524956740, -73.95710000000)"
3991,"19 Rector Street, Building at",New York,05/22/2002,02NR01912,-74.0141,40.7078845961,"(40.70788459610, -74.01410000000)"
4003,Stanton Street Shul,New York,10/10/2002,02NR04917,-73.9839,40.7202718036,"(40.72027180360, -73.98390000000)"
4077,"HELEN MCALLISTER, harbor tugboat",New York,12/27/2002,02NR04910,-74.0034,40.7053618549,"(40.70536185490, -74.00340000000)"
4113,West 147th-149th Streets Historic District,New York,05/18/2003,02NR05048,-73.939,40.8242256339,"(40.82422563390, -73.93900000000)"
4115,69th Street Transfer Bridge of the New York Central Railroad,New York,06/26/2003,03NR05051,-73.9898,40.7792378337,"(40.77923783370, -73.98980000000)"
4121,Murray Hill Historic District,New York,10/05/2003,03NR05073,-73.9793,40.7484363124,"(40.74843631240, -73.97930000000)"
4170,Two Bridges Historic District,New York,08/29/2003,03NR05090,-73.9959,40.7122444158,"(40.71224441580, -73.99590000000)"
4171,Harlem Savings Bank,New York,08/28/2003,03NR05086,-73.9379,40.8042996962,"(40.80429969620, -73.93790000000)"
4172,Wallace Building,New York,08/28/2003,03NR05088,-74.0083,40.7068443439,"(40.70684434390, -74.00830000000)"
4173,Bank of New York Building,New York,08/28/2003,03NR05089,-74.0091,40.7064842452,"(40.70648424520, -74.00910000000)"
4174,German Evangelical Lutheran Church of St. Mark,New York,04/15/2004,03NR05087,-73.9872,40.7270715294,"(40.72707152940, -73.98720000000)"
4184,General Electric Building,New York,01/28/2004,03NR05155,-73.9724,40.7570815098,"(40.75708150980, -73.97240000000)"
4185,Fred F. French Building,New York,01/28/2004,03NR05154,-73.9789,40.7553949213,"(40.75539492130, -73.97890000000)"
4195,Corbin Building,New York,12/18/2003,03NR05151,-74.0091,40.7102312737,"(40.71023127370, -74.00910000000)"
4219,Bank of the Metropolis,New York,11/15/2003,03NR05128,-73.9911,40.7368355262,"(40.73683552620, -73.99110000000)"
4220,Brooks and Hewitt Halls,New York,11/15/2003,03NR05121,-73.9644,40.8086154701,"(40.80861547010, -73.96440000000)"
4221,"Milbank, Brinckerhoff, and Fiske Halls",New York,11/15/2003,03NR05120,-73.9628,40.8104834703,"(40.81048347030, -73.96280000000)"
4222,Students' Hall,New York,11/15/2003,03NR05122,-73.964,40.8091409662,"(40.80914096620, -73.96400000000)"
4232,Decker Building,New York,11/21/2003,03NR05127,-73.9909,40.7368618175,"(40.73686181750, -73.99090000000)"
4236,Building at 315-325 West 36th Street,New York,05/27/2004,03NR05193,-73.9937,40.7542854216,"(40.75428542160, -73.99370000000)"
4240,Treadwell Farm Historic District,New York,05/27/2004,91NR00274,-73.9644,40.7627398369,"(40.76273983690, -73.96440000000)"
4271,Pier 57,New York,08/11/2004,04NR05213,-74.0102,40.7435893205,"(40.74358932050, -74.01020000000)"
4272,St. Walburga's Academy,New York,07/28/2004,03NR05194,-73.9545,40.8242443511,"(40.82424435110, -73.95450000000)"
4294,Times Square - 42nd Street Subway Station,New York,09/17/2004,04NR05281,-73.987,40.7554471013,"(40.75544710130, -73.98700000000)"
4295,Wall Street Subway Station (IRT),New York,09/17/2004,04NR05279,-74.0118,40.707618762,"(40.70761876200, -74.01180000000)"
4296,Bleecker Street Subway Station (IRT),New York,09/17/2004,04NR05275,-73.9946,40.725994769,"(40.72599476900, -73.99460000000)"
4297,Bleecker Street Subway Station (IRT),New York,09/17/2004,04NR05275,-73.9909,40.7300759207,"(40.73007592070, -73.99090000000)"
4298,33rd Street Subway Station (IRT),New York,09/17/2004,04NR05290,-73.9821,40.7461224705,"(40.74612247050, -73.98210000000)"
4299,59th Street-Columbus Circle Subway Station (IRT),New York,09/17/2004,04NR05291,-73.9819,40.7682228619,"(40.76822286190, -73.98190000000)"
4300,72nd Street Subway Station (IRT),New York,09/17/2004,04NR05277,-73.9819,40.7787177532,"(40.77871775320, -73.98190000000)"
4301,79th Street Subway Station (IRT),New York,09/17/2004,04NR05288,-73.98,40.7838311458,"(40.78383114580, -73.98000000000)"
4302,110th Street-Cathedral Parkway Subway Station (IRT),New York,09/17/2004,04NR05287,-73.9667,40.8043048303,"(40.80430483030, -73.96670000000)"
4303,116th Street-Columbia University Subway Station (IRT),New York,09/17/2004,04NR05286,-73.9639,40.8080223601,"(40.80802236010, -73.96390000000)"
4330,"Schickel, William, House",New York,12/06/2004,04NR05238,-73.9597,40.7780825525,"(40.77808255250, -73.95970000000)"
4331,Biltmore Theater,New York,10/27/2004,04NR05239,-73.9867,40.7603749293,"(40.76037492930, -73.98670000000)"
4350,Park Row Building,New York,11/16/2005,04NR05320,-74.0078,40.7111836359,"(40.71118363590, -74.00780000000)"
4359,American Thread Building,New York,01/20/2005,04NR05314,-74.0057,40.7205929148,"(40.72059291480, -74.00570000000)"
4360,Ivey Delph Apartments,New York,01/20/2005,04NR05317,-73.9466,40.8221041895,"(40.82210418950, -73.94660000000)"
4361,Seville Hotel,New York,02/24/2005,04NR05318,-73.9858,40.7445595041,"(40.74455950410, -73.98580000000)"
4365,168th Street Subway Station (IRT),New York,03/30/2005,04NR05297,-73.9403,40.8405867105,"(40.84058671050, -73.94030000000)"
4366,145th Street Subway Station (IRT),New York,03/30/2005,04NR05298,-73.9363,40.8203932548,"(40.82039325480, -73.93630000000)"
4367,86th Street Subway Station (Dual System IRT),New York,03/30/2005,04NR05303,-73.9556,40.7794819621,"(40.77948196210, -73.95560000000)"
4368,190th Street Subway Station (IND),New York,03/30/2005,04NR05306,-73.9345,40.8586113208,"(40.85861132080, -73.93450000000)"
4369,181st Street Subway Station (Dual System IRT),New York,03/30/2005,04NR05299,-73.9336,40.8496552927,"(40.84965529270, -73.93360000000)"
4370,181st Street Subway Station (IND),New York,03/30/2005,04NR05305,-73.9379,40.8520619804,"(40.85206198040, -73.93790000000)"
4371,West 4th Street Subway Station (IND),New York,03/30/2005,04NR05304,-74.0005,40.7324216278,"(40.73242162780, -74.00050000000)"
4372,Chambers Street Subway Station (Dual System IRT),New York,03/30/2005,04NR05301,-74.0092,40.7154969804,"(40.71549698040, -74.00920000000)"
4373,28th Street Subway Station (IRT),New York,03/30/2005,04NR05296,-73.9841,40.7434625871,"(40.74346258710, -73.98410000000)"
4374,West 28th Street Subway Station (Dual System IRT),New York,03/30/2005,04NR05302,-73.9938,40.7467753727,"(40.74677537270, -73.99380000000)"
4383,Macmillan Building,New York,11/01/2006,04NR05359,-73.9948,40.7350610847,"(40.73506108470, -73.99480000000)"
4384,"Williams, R. C., Warehouse",New York,02/24/2005,04NR05361,-74.0033,40.7494256778,"(40.74942567780, -74.00330000000)"
4385,Look Building,New York,02/24/2005,04NR05360,-73.9752,40.758899451,"(40.75889945100, -73.97520000000)"
4395,Solomon R. Guggenheim Museum,New York,05/19/2005,04NR05402,-73.9589,40.7830044952,"(40.78300449520, -73.95890000000)"
4419,LILAC (United States Lighthouse Tender),New York,01/07/2005,04NR05295,-74.0126,40.7307223398,"(40.73072233980, -74.01260000000)"
4430,Hotel Theresa,New York,06/16/2005,04NR05405,-73.9489,40.8087589011,"(40.80875890110, -73.94890000000)"
4432,Beaver Building,New York,07/06/2005,04NR05410,-74.0085,40.7052243697,"(40.70522436970, -74.00850000000)"
4435,Actors Temple,New York,05/19/2005,04NR05414,-73.989,40.7613142631,"(40.76131426310, -73.98900000000)"
4441,"14th Street - Union Square Subway Station (IRT, BMT)",New York,07/06/2005,04NR05375,-73.9906,40.735340588,"(40.73534058800, -73.99060000000)"
4445,Brooklyn Bridge - City Hall Subway Station (IRT),New York,07/06/2005,04NR05363,-74.0043,40.7129576868,"(40.71295768680, -74.00430000000)"
4446,Chambers Street Subway Station (BMT),New York,07/06/2005,04NR05376,-74.0036,40.7134371012,"(40.71343710120, -74.00360000000)"
4470,"352 and 353 Riverside Drive, Townhouses at",New York,09/01/2005,05NR05485,-73.9691,40.8031745376,"(40.80317453760, -73.96910000000)"
4485,Fulton-Nassau Historic District,New York,09/07/2005,05NR05456,-74.0078,40.7102657459,"(40.71026574590, -74.00780000000)"
4489,Sheffield Farms Stable,New York,11/09/2005,05NR05489,-73.958,40.816850692,"(40.81685069200, -73.95800000000)"
4490,Greenwich Savings Bank,New York,11/16/2005,05NR05487,-73.9871,40.7514646338,"(40.75146463380, -73.98710000000)"
4491,Wall and Hanover Building,New York,11/16/2005,05NR05488,-74.0088,40.7056377629,"(40.70563776290, -74.00880000000)"
4492,Gansevoort Market Historic District,New York,05/30/2007,05NR05491,-74.007,40.7410740838,"(40.74107408380, -74.00700000000)"
4502,207th Street Yard - Signal Service Building and Tower B (IND),New York,02/09/2006,05NR05430,-73.9131,40.8684251409,"(40.86842514090, -73.91310000000)"
4503,Central IND Substation,New York,02/09/2006,05NR05426,-73.9807,40.7622024472,"(40.76220244720, -73.98070000000)"
4504,Substation #42 (Dual System IRT),New York,02/09/2006,05NR05418,-73.9684,40.7602757495,"(40.76027574950, -73.96840000000)"
4505,Substation #219 (IND),New York,02/09/2006,05NR05423,-73.9481,40.815708613,"(40.81570861300, -73.94810000000)"
4506,Substation #13 (IRT),New York,02/09/2006,05NR05419,-73.9836,40.7639436444,"(40.76394364440, -73.98360000000)"
4507,Substation #17 (IRT),New York,02/09/2006,05NR05417,-73.9265,40.8601702407,"(40.86017024070, -73.92650000000)"
4508,Substation #7,New York,02/09/2006,05NR05416,-73.9484,40.7871577313,"(40.78715773130, -73.94840000000)"
4509,Substation #235 (IND),New York,02/09/2006,05NR05422,-74.0022,40.7390316958,"(40.73903169580, -74.00220000000)"
4510,Substation #409 (IND),New York,02/09/2006,05NR05421,-73.987,40.7214626777,"(40.72146267770, -73.98700000000)"
4533,Seagram Building,New York,02/24/2006,05NR05533,-73.972,40.7583888526,"(40.75838885260, -73.97200000000)"
4602,254-260 Canal Street,New York,06/07/2006,06NR05556,-74.001,40.7184104826,"(40.71841048260, -74.00100000000)"
4603,"Lee, Higginson & Company Bank Building",New York,06/07/2006,06NR05559,-74.0111,40.7057744706,"(40.70577447060, -74.01110000000)"
4610,"Burden, James A. Jr., House and Kahn, Otto H. House",New York,09/12/2006,06NR05602,-73.9575,40.7847123498,"(40.78471234980, -73.95750000000)"
4626,West Street Building,New York,01/25/2007,06NR05646,-74.0143,40.7100034976,"(40.71000349760, -74.01430000000)"
4627,Wall Street Historic District,New York,02/20/2007,06NR05647,-74.0109,40.7065542093,"(40.70655420930, -74.01090000000)"
4658,Van Tassell & Kearney Horse Auction Mart,New York,11/29/2007,06NR05693,-73.9887,40.7327835299,"(40.73278352990, -73.98870000000)"
4662,St. Luke's Evangelical Lutheran Church,New York,06/01/2007,06NR05682,-73.9887,40.7598849767,"(40.75988497670, -73.98870000000)"
4680,Engineering Societies' Building and Engineers' Club,New York,08/30/2007,07NR05737,-73.9837,40.7525626607,"(40.75256266070, -73.98370000000)"
4696,"49 East 80th Street, House at",New York,11/15/2007,07NR05765,-73.9611,40.7769630009,"(40.77696300090, -73.96110000000)"
4774,"146 East 38th Street, House at",New York,05/21/2008,08NR05834,-73.9774,40.7484158638,"(40.74841586380, -73.97740000000)"
4783,Garment Center Historic District,New York,11/05/2008,08NR05833,-73.9905,40.7537678748,"(40.75376787480, -73.99050000000)"
4821,Fraunces Tavern,New York,03/06/2008,07NR05804,-74.0114,40.7034070929,"(40.70340709290, -74.01140000000)"
4861,New York Telephone Company Building (Barclay-Vesey Building),New York,04/30/2009,08NR05968,-74.0129,40.7137858306,"(40.71378583060, -74.01290000000)"
4862,240 Central Park South,New York,05/12/2009,08NR05940,-73.9812,40.767350821,"(40.76735082100, -73.98120000000)"
4864,Park and Tilford Building,New York,05/01/2009,08NR05937,-73.9448,40.8081070158,"(40.80810701580, -73.94480000000)"
4874,"Shearwater, sloop",New York,03/09/2009,08NR05942,-74.0173,40.7127189224,"(40.71271892240, -74.01730000000)"
4907,The Emerson,New York,08/20/2009,09NR05999,-73.9932,40.7674720423,"(40.76747204230, -73.99320000000)"
4908,Trinity Evangelical Lutheran Church of Manhattan,New York,09/16/2009,09NR06002,-73.9681,40.7962179582,"(40.79621795820, -73.96810000000)"
4936,Fort Washington Presbyterian Church,New York,01/07/2010,09NR06027,-73.9379,40.8453752192,"(40.84537521920, -73.93790000000)"
4944,Westbeth,New York,12/08/2009,09NR06000,-74.009,40.7365700033,"(40.73657000330, -74.00900000000)"
4945,Chinatown and Little Italy Historic District,New York,02/12/2010,09NR06033,-73.9969,40.7191629694,"(40.71916296940, -73.99690000000)"
4998,Elmendorf Reformed Church,New York,04/27/2010,09NR06085,-73.9383,40.8016687509,"(40.80166875090, -73.93830000000)"
5033,133 East 80th Street,New York,08/16/2010,10NR06121,-73.9585,40.7759197654,"(40.77591976540, -73.95850000000)"
5034,Park Avenue Historic District,New York,08/29/2010,10NR06107,-73.9563,40.7814704511,"(40.78147045110, -73.95630000000)"
5102,United States Post Office-Madison Square Station,New York,05/11/1989,90NR00717,-73.9836,40.739562363,"(40.73956236300, -73.98360000000)"
5103,"304 Park Avenue South, Building at",New York,03/15/2005,04NR05362,-73.987,40.7401632428,"(40.74016324280, -73.98700000000)"
5104,Flatiron Building,New York,11/20/1979,90NR00917,-73.9897,40.7410123029,"(40.74101230290, -73.98970000000)"
5105,69TH Regiment Armory,New York,01/28/1994,93NR00513,-73.9842,40.7413638064,"(40.74136380640, -73.98420000000)"
5106,Church of the Holy Communion and Buildings,New York,04/17/1980,90NR00664,-73.9937,40.7410382328,"(40.74103823280, -73.99370000000)"
5107,Trinity Chapel Complex,New York,12/16/1982,90NR00944,-73.9899,40.7437779196,"(40.74377791960, -73.98990000000)"
5108,Metropolitan Life Insurance Company Complex,New York,01/19/1996,95NR00822,-73.9865,40.741522189,"(40.74152218900, -73.98650000000)"
5109,Metropolitan Life Insurance Company Complex,New York,01/19/1996,95NR00822,-73.9869,40.7409095426,"(40.74090954260, -73.98690000000)"
5154,"Fourth Church of Christ, Scientist",New York,08/30/2011,11NR06231,-73.9377,40.8536487289,"(40.85364872890, -73.93770000000)"
5191,Hotel Albert,New York,06/13/2012,11NR06260,-73.9932,40.7329019188,"(40.73290191880, -73.99320000000)"
5192,Eleventh Street Methodist-Episcopal Chapel,New York,12/30/2011,11NR06261,-73.9798,40.7278688571,"(40.72786885710, -73.97980000000)"
5193,West End Presbyterian Church & Parish House,New York,12/30/2011,11NR06262,-73.9658,40.7998325062,"(40.79983250620, -73.96580000000)"
5195,The Bowery Historic District,New York,02/20/2013,11NR06248,-73.994,40.7205875867,"(40.72058758670, -73.99400000000)"
5240,Municipal Building,New York,10/18/1972,90NR00883,-74.0037,40.7129840683,"(40.71298406830, -74.00370000000)"
5241,City Hall,New York,10/15/1966,90NR00867,-74.006,40.7127538915,"(40.71275389150, -74.00600000000)"
5298,Riverside Church,New York,12/12/2012,12NR06373,-73.9631,40.8117640915,"(40.81176409150, -73.96310000000)"
5319,Murray Hill Historic District (Boundary Expansion),New York,02/27/2013,12NR06394,-73.9795,40.7484931262,"(40.74849312620, -73.97950000000)"
5330,First Battery Armory,New York,02/20/2013,12NR06396,-73.9808,40.7730393328,"(40.77303933280, -73.98080000000)"
5332,The Women's National Republican Club,New York,02/27/2013,12NR06397,-73.9773,40.7596457424,"(40.75964574240, -73.97730000000)"
5350,Space Shuttle Enterprise,New York,03/13/2013,12NR06415,-74.0019,40.7651762823,"(40.76517628230, -74.00190000000)"
5356,Fire Hook and Ladder No. 14,New York,05/22/2013,13NR06420,-73.9382,40.8044157394,"(40.80441573940, -73.93820000000)"
5472,North Presbyterian Church,New York,02/05/2014,13NR06494,-73.9443,40.8324383683,"(40.83243836830, -73.94430000000)"
5473,New York Bible Society,New York,02/05/2014,13NR06493,-73.9774,40.7571982701,"(40.75719827010, -73.97740000000)"
5478,Congregation Ansche Chesed,New York,06/09/2014,13NR06498,-73.9529,40.801876381,"(40.80187638100, -73.95290000000)"
5479,South Village Historic District,New York,02/24/2014,13NR06489,-74.0021,40.7287382475,"(40.72873824750, -74.00210000000)"
5515,Bowling Green Fence and Park,New York,04/09/1980,90NR00651,-74.0136,40.7050069273,"(40.70500692730, -74.01360000000)"
5516,116 John Street,New York,06/20/2014,13NR06526,-74.0059,40.7074774798,"(40.70747747980, -74.00590000000)"
5518,West 114th Street Historic District,New York,07/16/2014,13NR06527,-73.9548,40.8025784356,"(40.80257843560, -73.95480000000)"
5539,Colony Arcade,New York,09/10/2014,14NR06551,-73.9852,40.7523945861,"(40.75239458610, -73.98520000000)"
5547,Circle Line X,New York,09/22/2014,14NR06561,-74.002,40.7621734196,"(40.76217341960, -74.00200000000)"
